DROP TABLE candidate;
CREATE TABLE candidate ( candidate_id varchar(32) NOT NULL, name varchar(20), gender varchar(10), birth varchar(10), unit varchar(100), dept varchar(100), university varchar(100), major varchar(100), xueli varchar(50), degree varchar(50), work_years varchar(50), recommend_unit varchar(100), xingzheng_post varchar(50), xingzheng_level varchar(20), tech_post varchar(50), tech_post_obtain_date varchar(10), work_major varchar(50), graduate_year varchar(10), vote_id varchar(32) NOT NULL, agreement_number int, abstention_number int, against_number int, primary_vote_candidate_id varchar(32), create_time varchar(255), note varchar(500), PRIMARY KEY (candidate_id), CONSTRAINT FK_2mlfkqyxymebupdfs5fkmbmfw FOREIGN KEY (primary_vote_candidate_id) REFERENCES candidate (candidate_id) , CONSTRAINT FK_cen1qitth7f2wo56irvmcistn FOREIGN KEY (vote_id) REFERENCES vote (vote_id), INDEX FK_cen1qitth7f2wo56irvmcistn (vote_id), INDEX FK_2mlfkqyxymebupdfs5fkmbmfw (primary_vote_candidate_id) ) ENGINE=InnoDB DEFAULT CHARSET=utf8;
insert into candidate (candidate_id, name, gender, birth, unit, dept, university, major, xueli, degree, work_years, recommend_unit, xingzheng_post, xingzheng_level, tech_post, tech_post_obtain_date, work_major, graduate_year, vote_id, agreement_number, abstention_number, against_number, primary_vote_candidate_id, create_time, note) values ('4028c0814840ac31014840b578970005', '王志强', '男', '1975', '济南机务段', null, null, '', '高中', '无', null, '济南机务段', '司机', '无', '', '', '', '', '4028c0814840ac31014840b455e20003', 1, 0, 0, null, '2014-09-04 20:48:25', null);
insert into candidate (candidate_id, name, gender, birth, unit, dept, university, major, xueli, degree, work_years, recommend_unit, xingzheng_post, xingzheng_level, tech_post, tech_post_obtain_date, work_major, graduate_year, vote_id, agreement_number, abstention_number, against_number, primary_vote_candidate_id, create_time, note) values ('4028c0814840ac31014840b578970006', '赵玲', '女', '1984年', '济南机务段', null, '西南交通大学', '财务', '本科', '学士', null, '济南机务段', '会计1', '中', '会计证', '2006-10-22', '会计', '2007', '4028c0814840ac31014840b455e20003', 0, 1, 0, null, '2014-09-04 20:48:25', null);
insert into candidate (candidate_id, name, gender, birth, unit, dept, university, major, xueli, degree, work_years, recommend_unit, xingzheng_post, xingzheng_level, tech_post, tech_post_obtain_date, work_major, graduate_year, vote_id, agreement_number, abstention_number, against_number, primary_vote_candidate_id, create_time, note) values ('4028c0814840cb17014840cccf9e0001', '王志强', '男', '1975', '济南机务段', null, null, '', '高中', '无', null, '济南机务段', '司机', '无', '', '', '', '', '4028c0814840cb17014840cc50be0000', 1, 0, 0, null, '2014-09-04 21:13:56', null);
insert into candidate (candidate_id, name, gender, birth, unit, dept, university, major, xueli, degree, work_years, recommend_unit, xingzheng_post, xingzheng_level, tech_post, tech_post_obtain_date, work_major, graduate_year, vote_id, agreement_number, abstention_number, against_number, primary_vote_candidate_id, create_time, note) values ('4028c0814840cb17014840cccfa20002', '赵玲', '女', '1984年', '济南机务段', null, null, '财务', '本科', '学士', null, '济南机务段', '会计', '中', '会计证', '2006-10-22', '会计', '2007', '4028c0814840cb17014840cc50be0000', 0, 1, 0, null, '2014-09-04 21:13:56', null);
insert into candidate (candidate_id, name, gender, birth, unit, dept, university, major, xueli, degree, work_years, recommend_unit, xingzheng_post, xingzheng_level, tech_post, tech_post_obtain_date, work_major, graduate_year, vote_id, agreement_number, abstention_number, against_number, primary_vote_candidate_id, create_time, note) values ('4028c0814840cb17014840d0ca72000b', '陈勇', null, null, null, '施工组织科', '西南交通大学', '交通运输', '大本', null, '5年2个月', '局运输处', null, null, null, null, null, null, '4028c0814840cb17014840d07820000a', 1, 0, 0, null, '2014-09-04 21:18:17', null);
insert into candidate (candidate_id, name, gender, birth, unit, dept, university, major, xueli, degree, work_years, recommend_unit, xingzheng_post, xingzheng_level, tech_post, tech_post_obtain_date, work_major, graduate_year, vote_id, agreement_number, abstention_number, against_number, primary_vote_candidate_id, create_time, note) values ('4028c0814840cb17014840d0ca73000c', '赵玲', null, null, null, '施工组织科', '西南交通大学', '交通运输', '大本', null, '5年2个月', '局运输处', null, null, null, null, null, null, '4028c0814840cb17014840d07820000a', 1, 0, 0, null, '2014-09-04 21:18:17', null);
insert into candidate (candidate_id, name, gender, birth, unit, dept, university, major, xueli, degree, work_years, recommend_unit, xingzheng_post, xingzheng_level, tech_post, tech_post_obtain_date, work_major, graduate_year, vote_id, agreement_number, abstention_number, against_number, primary_vote_candidate_id, create_time, note) values ('4028c0814840f2d2014840f3878b0001', '王志强', '男', '1975', '济南机务段', null, null, '', '高中', '无', null, '济南机务段', '司机', '无', '', '', '', '', '4028c0814840f2d2014840f33b450000', 1, 0, 0, '4028c0814840cb17014840cccf9e0001', '2014-09-04 21:56:14', null);
insert into candidate (candidate_id, name, gender, birth, unit, dept, university, major, xueli, degree, work_years, recommend_unit, xingzheng_post, xingzheng_level, tech_post, tech_post_obtain_date, work_major, graduate_year, vote_id, agreement_number, abstention_number, against_number, primary_vote_candidate_id, create_time, note) values ('4028c0814840f2d2014840f388490002', '赵玲', '女', '1984年', '济南机务段', null, null, '财务', '本科', '学士', null, '济南机务段', '会计', '中', '会计证', '2006-10-22', '会计', '2007', '4028c0814840f2d2014840f33b450000', 1, 0, 0, '4028c0814840cb17014840cccfa20002', '2014-09-04 21:56:15', null);
insert into candidate (candidate_id, name, gender, birth, unit, dept, university, major, xueli, degree, work_years, recommend_unit, xingzheng_post, xingzheng_level, tech_post, tech_post_obtain_date, work_major, graduate_year, vote_id, agreement_number, abstention_number, against_number, primary_vote_candidate_id, create_time, note) values ('4028c0814840f2d2014840f5b2ff000b', '陈勇', null, null, null, '施工组织科', '西南交通大学', '交通运输', '大本', null, '5年2个月', '局运输处', null, null, null, null, null, null, '4028c0814840f2d2014840f57483000a', 0, 0, 1, '4028c0814840cb17014840d0ca72000b', '2014-09-04 21:58:37', null);
insert into candidate (candidate_id, name, gender, birth, unit, dept, university, major, xueli, degree, work_years, recommend_unit, xingzheng_post, xingzheng_level, tech_post, tech_post_obtain_date, work_major, graduate_year, vote_id, agreement_number, abstention_number, against_number, primary_vote_candidate_id, create_time, note) values ('4028c0814840f2d2014840f5b3e4000c', '赵玲', null, null, null, '施工组织科', '西南交通大学', '交通运输', '大本', null, '5年2个月', '局运输处', null, null, null, null, null, null, '4028c0814840f2d2014840f57483000a', 0, 0, 1, '4028c0814840cb17014840d0ca73000c', '2014-09-04 21:58:37', null);
insert into candidate (candidate_id, name, gender, birth, unit, dept, university, major, xueli, degree, work_years, recommend_unit, xingzheng_post, xingzheng_level, tech_post, tech_post_obtain_date, work_major, graduate_year, vote_id, agreement_number, abstention_number, against_number, primary_vote_candidate_id, create_time, note) values ('4028c0814840f2d2014840fda7680013', '王志强', '男', '1975', '济南机务段', null, null, '', '高中', '无', null, '济南机务段', '司机', '无', '', '', '', '', '4028c0814840f2d2014840fd25e40012', 1, 1, 2, null, '2014-09-04 22:07:16', null);
insert into candidate (candidate_id, name, gender, birth, unit, dept, university, major, xueli, degree, work_years, recommend_unit, xingzheng_post, xingzheng_level, tech_post, tech_post_obtain_date, work_major, graduate_year, vote_id, agreement_number, abstention_number, against_number, primary_vote_candidate_id, create_time, note) values ('4028c0814840f2d2014840fda7690014', '赵玲', '女', '1984年', '济南机务段', null, null, '财务', '本科', '学士', null, '济南机务段', '会计', '中', '会计证', '2006-10-22', '会计', '2007', '4028c0814840f2d2014840fd25e40012', 4, 0, 0, null, '2014-09-04 22:07:16', null);
insert into candidate (candidate_id, name, gender, birth, unit, dept, university, major, xueli, degree, work_years, recommend_unit, xingzheng_post, xingzheng_level, tech_post, tech_post_obtain_date, work_major, graduate_year, vote_id, agreement_number, abstention_number, against_number, primary_vote_candidate_id, create_time, note) values ('4028c0814840f2d201484102b4a90061', '陈勇', null, null, null, '施工组织科', '西南交通大学', '交通运输', '大本', null, '5年2个月', '局运输处', null, null, null, null, null, null, '4028c0814840f2d2014841022a9e0060', 4, 0, 0, null, '2014-09-04 22:12:48', null);
insert into candidate (candidate_id, name, gender, birth, unit, dept, university, major, xueli, degree, work_years, recommend_unit, xingzheng_post, xingzheng_level, tech_post, tech_post_obtain_date, work_major, graduate_year, vote_id, agreement_number, abstention_number, against_number, primary_vote_candidate_id, create_time, note) values ('4028c0814840f2d201484102b4a90062', '赵玲', null, null, null, '施工组织科', '西南交通大学', '交通运输', '大本', null, '5年2个月', '局运输处', null, null, null, null, null, null, '4028c0814840f2d2014841022a9e0060', 4, 0, 0, null, '2014-09-04 22:12:48', null);
insert into candidate (candidate_id, name, gender, birth, unit, dept, university, major, xueli, degree, work_years, recommend_unit, xingzheng_post, xingzheng_level, tech_post, tech_post_obtain_date, work_major, graduate_year, vote_id, agreement_number, abstention_number, against_number, primary_vote_candidate_id, create_time, note) values ('4028c0814840f2d201484102eda60063', 'ct', null, null, null, '施工组织科', '西南交通大学', '交通运输', '大本', null, '5年2个月', '局运输处', null, null, null, null, null, null, '4028c0814840f2d2014841022a9e0060', 1, 1, 2, null, '2014-09-04 22:13:02', null);
insert into candidate (candidate_id, name, gender, birth, unit, dept, university, major, xueli, degree, work_years, recommend_unit, xingzheng_post, xingzheng_level, tech_post, tech_post_obtain_date, work_major, graduate_year, vote_id, agreement_number, abstention_number, against_number, primary_vote_candidate_id, create_time, note) values ('4028c0814840f2d201484102eda70064', 'be', null, null, null, '施工组织科', '西南交通大学', '交通运输', '大本', null, '5年2个月', '局运输处', null, null, null, null, null, null, '4028c0814840f2d2014841022a9e0060', 1, 1, 2, null, '2014-09-04 22:13:02', null);
insert into candidate (candidate_id, name, gender, birth, unit, dept, university, major, xueli, degree, work_years, recommend_unit, xingzheng_post, xingzheng_level, tech_post, tech_post_obtain_date, work_major, graduate_year, vote_id, agreement_number, abstention_number, against_number, primary_vote_candidate_id, create_time, note) values ('4028c0814840f2d20148410597c7009b', '陈勇', null, null, null, '施工组织科', '西南交通大学', '交通运输', '大本', null, '5年2个月', '局运输处', null, null, null, null, null, null, '4028c0814840f2d201484105757a009a', 1, 1, 1, '4028c0814840f2d201484102b4a90061', '2014-09-04 22:15:58', null);
insert into candidate (candidate_id, name, gender, birth, unit, dept, university, major, xueli, degree, work_years, recommend_unit, xingzheng_post, xingzheng_level, tech_post, tech_post_obtain_date, work_major, graduate_year, vote_id, agreement_number, abstention_number, against_number, primary_vote_candidate_id, create_time, note) values ('4028c0814840f2d201484105984c009c', '赵玲', null, null, null, '施工组织科', '西南交通大学', '交通运输', '大本', null, '5年2个月', '局运输处', null, null, null, null, null, null, '4028c0814840f2d201484105757a009a', 3, 0, 0, '4028c0814840f2d201484102b4a90062', '2014-09-04 22:15:58', null);
insert into candidate (candidate_id, name, gender, birth, unit, dept, university, major, xueli, degree, work_years, recommend_unit, xingzheng_post, xingzheng_level, tech_post, tech_post_obtain_date, work_major, graduate_year, vote_id, agreement_number, abstention_number, against_number, primary_vote_candidate_id, create_time, note) values ('4028c081487cdf9901487ce16de40001', '王志强', '男', '1975', '济南机务段', null, null, '', '高中', '无', null, '济南机务段', '司机', '无', '', '', '', '', '4028c081487cc85e01487cca53ad0000', 1, 0, 0, null, '2014-09-16 13:13:38', '');
insert into candidate (candidate_id, name, gender, birth, unit, dept, university, major, xueli, degree, work_years, recommend_unit, xingzheng_post, xingzheng_level, tech_post, tech_post_obtain_date, work_major, graduate_year, vote_id, agreement_number, abstention_number, against_number, primary_vote_candidate_id, create_time, note) values ('4028c081487cdf9901487ce16de50002', '赵玲', '女', '1984年', '济南机务段', null, null, '财务', '本科', '学士', null, '济南机务段', '会计', '中', '会计证', '2006-10-22', '会计', '2007', '4028c081487cc85e01487cca53ad0000', 1, 0, 0, null, '2014-09-16 13:13:38', '');
insert into candidate (candidate_id, name, gender, birth, unit, dept, university, major, xueli, degree, work_years, recommend_unit, xingzheng_post, xingzheng_level, tech_post, tech_post_obtain_date, work_major, graduate_year, vote_id, agreement_number, abstention_number, against_number, primary_vote_candidate_id, create_time, note) values ('4028c081487cdf9901487ce16de60003', '张亮', '女', '1974年', '济南机务段', null, null, '财务', '本科', '博士', null, '济南机务段', '会计', '中', '会计证', '2008-11-22', '会计', '1998', '4028c081487cc85e01487cca53ad0000', 0, 1, 0, null, '2014-09-16 13:13:38', '外籍');
insert into candidate (candidate_id, name, gender, birth, unit, dept, university, major, xueli, degree, work_years, recommend_unit, xingzheng_post, xingzheng_level, tech_post, tech_post_obtain_date, work_major, graduate_year, vote_id, agreement_number, abstention_number, against_number, primary_vote_candidate_id, create_time, note) values ('4028c081487cdf9901487ce501c6000e', '王志强', '男', '1975', '济南机务段', null, null, '', '高中', '无', null, '济南机务段', '司机', '无', '', '', '', '', '4028c081487cdf9901487ce4c88f000c', 1, 0, 0, null, '2014-09-16 13:17:34', '');
insert into candidate (candidate_id, name, gender, birth, unit, dept, university, major, xueli, degree, work_years, recommend_unit, xingzheng_post, xingzheng_level, tech_post, tech_post_obtain_date, work_major, graduate_year, vote_id, agreement_number, abstention_number, against_number, primary_vote_candidate_id, create_time, note) values ('4028c081487cdf9901487ce501c6000f', '赵玲', '女', '1984年', '济南机务段', null, null, '财务', '本科', '学士', null, '济南机务段', '会计', '中', '会计证', '2006-10-22', '会计', '2007', '4028c081487cdf9901487ce4c88f000c', 1, 0, 0, null, '2014-09-16 13:17:34', '');
insert into candidate (candidate_id, name, gender, birth, unit, dept, university, major, xueli, degree, work_years, recommend_unit, xingzheng_post, xingzheng_level, tech_post, tech_post_obtain_date, work_major, graduate_year, vote_id, agreement_number, abstention_number, against_number, primary_vote_candidate_id, create_time, note) values ('4028c081487cdf9901487ce501c70010', '张亮', '女', '1974年', '济南机务段', null, '', '财务', '本科', '博士', null, '济南机务段', '会计', '中', '会计证', '2008-11-22', '会计', '1998', '4028c081487cdf9901487ce4c88f000c', 0, 1, 0, null, '2014-09-16 13:17:34', '外籍1');
insert into candidate (candidate_id, name, gender, birth, unit, dept, university, major, xueli, degree, work_years, recommend_unit, xingzheng_post, xingzheng_level, tech_post, tech_post_obtain_date, work_major, graduate_year, vote_id, agreement_number, abstention_number, against_number, primary_vote_candidate_id, create_time, note) values ('4028c081487cdf9901487ce6a6fc0018', '陈勇', null, null, null, '施工组织科', '西南交通大学', '交通运输', '大本', null, '5年2个月', '局运输处', null, null, null, null, '规划', null, '4028c081487cdf9901487ce679a60017', 1, 0, 0, null, '2014-09-16 13:19:21', '');
insert into candidate (candidate_id, name, gender, birth, unit, dept, university, major, xueli, degree, work_years, recommend_unit, xingzheng_post, xingzheng_level, tech_post, tech_post_obtain_date, work_major, graduate_year, vote_id, agreement_number, abstention_number, against_number, primary_vote_candidate_id, create_time, note) values ('4028c081487cdf9901487ce6a6fc0019', '赵玲', null, null, null, '施工组织科', '西南交通大学', '交通运输', '大本', null, '5年2个月', '局运输处', null, null, null, null, '会计', null, '4028c081487cdf9901487ce679a60017', 1, 0, 0, null, '2014-09-16 13:19:21', '');
insert into candidate (candidate_id, name, gender, birth, unit, dept, university, major, xueli, degree, work_years, recommend_unit, xingzheng_post, xingzheng_level, tech_post, tech_post_obtain_date, work_major, graduate_year, vote_id, agreement_number, abstention_number, against_number, primary_vote_candidate_id, create_time, note) values ('4028c081487cdf9901487ce6a6fd001a', '张亮', null, null, null, '施工组织科', '西南交通大学', '交通运输', '大本', null, '5年2个月', '局运输处', null, null, null, null, '会计', null, '4028c081487cdf9901487ce679a60017', 0, 1, 0, null, '2014-09-16 13:19:21', '外籍2');
insert into candidate (candidate_id, name, gender, birth, unit, dept, university, major, xueli, degree, work_years, recommend_unit, xingzheng_post, xingzheng_level, tech_post, tech_post_obtain_date, work_major, graduate_year, vote_id, agreement_number, abstention_number, against_number, primary_vote_candidate_id, create_time, note) values ('4028c081487cf03601487cf584e30000', '陈勇', null, null, null, '施工组织科', '西南交通大学', '交通运输', '大本', null, '5年2个月', '局运输处', null, null, null, null, '规划', null, '4028c081487cdf9901487ce874f30021', 1, 0, 0, '4028c081487cdf9901487ce6a6fc0018', '2014-09-16 13:35:38', '');
insert into candidate (candidate_id, name, gender, birth, unit, dept, university, major, xueli, degree, work_years, recommend_unit, xingzheng_post, xingzheng_level, tech_post, tech_post_obtain_date, work_major, graduate_year, vote_id, agreement_number, abstention_number, against_number, primary_vote_candidate_id, create_time, note) values ('4028c081487cf03601487cf5858f0001', '赵玲', null, null, null, '施工组织科', '西南交通大学', '交通运输', '大本', null, '5年2个月', '局运输处', null, null, null, null, '会计', null, '4028c081487cdf9901487ce874f30021', 1, 0, 0, '4028c081487cdf9901487ce6a6fc0019', '2014-09-16 13:35:38', '');
insert into candidate (candidate_id, name, gender, birth, unit, dept, university, major, xueli, degree, work_years, recommend_unit, xingzheng_post, xingzheng_level, tech_post, tech_post_obtain_date, work_major, graduate_year, vote_id, agreement_number, abstention_number, against_number, primary_vote_candidate_id, create_time, note) values ('4028c08148904f1b0148905025b80002', '王志强', '男', '1975', '济南机务段', null, null, '', '高中', '无', null, '济南机务段', '司机', '无', '', '', '', '', '4028c08148904f1b0148904fd7360000', 1, 0, 0, null, '2014-09-20 07:47:22', '');
insert into candidate (candidate_id, name, gender, birth, unit, dept, university, major, xueli, degree, work_years, recommend_unit, xingzheng_post, xingzheng_level, tech_post, tech_post_obtain_date, work_major, graduate_year, vote_id, agreement_number, abstention_number, against_number, primary_vote_candidate_id, create_time, note) values ('4028c08148904f1b0148905025b90003', '赵玲', '女', '1984年', '济南机务段', null, null, '财务', '本科', '学士', null, '济南机务段', '会计', '中', '会计证', '2006-10-22', '会计', '2007', '4028c08148904f1b0148904fd7360000', 1, 0, 0, null, '2014-09-20 07:47:22', '');
insert into candidate (candidate_id, name, gender, birth, unit, dept, university, major, xueli, degree, work_years, recommend_unit, xingzheng_post, xingzheng_level, tech_post, tech_post_obtain_date, work_major, graduate_year, vote_id, agreement_number, abstention_number, against_number, primary_vote_candidate_id, create_time, note) values ('4028c08148904f1b0148905025b90004', '张亮', '女', '1974年', '济南机务段', null, null, '财务', '本科', '博士', null, '济南机务段', '会计', '中', '会计证', '2008-11-22', '会计', '1998', '4028c08148904f1b0148904fd7360000', 0, 1, 0, null, '2014-09-20 07:47:22', '外籍');
insert into candidate (candidate_id, name, gender, birth, unit, dept, university, major, xueli, degree, work_years, recommend_unit, xingzheng_post, xingzheng_level, tech_post, tech_post_obtain_date, work_major, graduate_year, vote_id, agreement_number, abstention_number, against_number, primary_vote_candidate_id, create_time, note) values ('4028c08148909ee5014890a1d5bf0001', '陈勇', null, null, null, '施工组织科', '西南交通大学', '交通运输', '大本', null, '5年2个月', '局运输处', null, null, null, null, '规划', null, '4028c08148909ee5014890a1a5750000', 2, 0, 0, null, '2014-09-20 09:16:36', '');
insert into candidate (candidate_id, name, gender, birth, unit, dept, university, major, xueli, degree, work_years, recommend_unit, xingzheng_post, xingzheng_level, tech_post, tech_post_obtain_date, work_major, graduate_year, vote_id, agreement_number, abstention_number, against_number, primary_vote_candidate_id, create_time, note) values ('4028c08148909ee5014890a1d5c40002', '赵玲', null, null, null, '施工组织科', '西南交通大学', '交通运输', '大本', null, '5年2个月', '局运输处', null, null, null, null, '会计', null, '4028c08148909ee5014890a1a5750000', 1, 1, 0, null, '2014-09-20 09:16:36', '');
insert into candidate (candidate_id, name, gender, birth, unit, dept, university, major, xueli, degree, work_years, recommend_unit, xingzheng_post, xingzheng_level, tech_post, tech_post_obtain_date, work_major, graduate_year, vote_id, agreement_number, abstention_number, against_number, primary_vote_candidate_id, create_time, note) values ('4028c08148909ee5014890a1d5c40003', '张亮', null, null, null, '施工组织科', '西南交通大学', '交通运输', '大本', null, '5年2个月', '局运输处', null, null, null, null, '会计', null, '4028c08148909ee5014890a1a5750000', 1, 0, 1, null, '2014-09-20 09:16:36', '外籍');
DROP TABLE ticket;
CREATE TABLE ticket ( ticket_id varchar(32) NOT NULL, candidate_id varchar(32), voter_ip varchar(20), submit_time varchar(20), agreement int(1) DEFAULT '0', abstention int(1) DEFAULT '0', against int(1) DEFAULT '0', PRIMARY KEY (ticket_id), CONSTRAINT FK_lvje3cfxdocrgeiqgej6gdkf8 FOREIGN KEY (candidate_id) REFERENCES candidate (candidate_id), INDEX FK_lvje3cfxdocrgeiqgej6gdkf8 (candidate_id) ) ENGINE=InnoDB DEFAULT CHARSET=utf8;
insert into ticket (ticket_id, candidate_id, voter_ip, submit_time, agreement, abstention, against) values ('4028c0814840b816014840bc82d00005', '4028c0814840ac31014840b578970005', '127.0.0.1', '2014-09-04 20:56:09', 1, 0, 0);
insert into ticket (ticket_id, candidate_id, voter_ip, submit_time, agreement, abstention, against) values ('4028c0814840b816014840bc83030006', '4028c0814840ac31014840b578970006', '127.0.0.1', '2014-09-04 20:56:09', 0, 1, 0);
insert into ticket (ticket_id, candidate_id, voter_ip, submit_time, agreement, abstention, against) values ('4028c0814840cb17014840cd96650006', '4028c0814840cb17014840cccf9e0001', '127.0.0.1', '2014-09-04 21:14:48', 1, 0, 0);
insert into ticket (ticket_id, candidate_id, voter_ip, submit_time, agreement, abstention, against) values ('4028c0814840cb17014840cd968d0007', '4028c0814840cb17014840cccfa20002', '127.0.0.1', '2014-09-04 21:14:48', 0, 1, 0);
insert into ticket (ticket_id, candidate_id, voter_ip, submit_time, agreement, abstention, against) values ('4028c0814840cb17014840d1a1940012', '4028c0814840cb17014840d0ca72000b', '127.0.0.1', '2014-09-04 21:19:13', 1, 0, 0);
insert into ticket (ticket_id, candidate_id, voter_ip, submit_time, agreement, abstention, against) values ('4028c0814840cb17014840d1a1ae0013', '4028c0814840cb17014840d0ca73000c', '127.0.0.1', '2014-09-04 21:19:13', 1, 0, 0);
insert into ticket (ticket_id, candidate_id, voter_ip, submit_time, agreement, abstention, against) values ('4028c0814840f2d2014840f4540a0008', '4028c0814840f2d2014840f3878b0001', '127.0.0.1', '2014-09-04 21:57:07', 1, 0, 0);
insert into ticket (ticket_id, candidate_id, voter_ip, submit_time, agreement, abstention, against) values ('4028c0814840f2d2014840f454410009', '4028c0814840f2d2014840f388490002', '127.0.0.1', '2014-09-04 21:57:07', 1, 0, 0);
insert into ticket (ticket_id, candidate_id, voter_ip, submit_time, agreement, abstention, against) values ('4028c0814840f2d2014840f67d480010', '4028c0814840f2d2014840f5b2ff000b', '127.0.0.1', '2014-09-04 21:59:28', 0, 0, 1);
insert into ticket (ticket_id, candidate_id, voter_ip, submit_time, agreement, abstention, against) values ('4028c0814840f2d2014840f67d560011', '4028c0814840f2d2014840f5b3e4000c', '127.0.0.1', '2014-09-04 21:59:28', 0, 0, 1);
insert into ticket (ticket_id, candidate_id, voter_ip, submit_time, agreement, abstention, against) values ('4028c0814840f2d2014840ffe51c0058', '4028c0814840f2d2014840fda7680013', '127.0.0.1', '2014-09-04 22:09:45', 1, 0, 0);
insert into ticket (ticket_id, candidate_id, voter_ip, submit_time, agreement, abstention, against) values ('4028c0814840f2d2014840ffe6ee0059', '4028c0814840f2d2014840fda7690014', '127.0.0.1', '2014-09-04 22:09:45', 1, 0, 0);
insert into ticket (ticket_id, candidate_id, voter_ip, submit_time, agreement, abstention, against) values ('4028c0814840f2d20148410006f3005a', '4028c0814840f2d2014840fda7680013', '192.168.1.101', '2014-09-04 22:09:53', 0, 1, 0);
insert into ticket (ticket_id, candidate_id, voter_ip, submit_time, agreement, abstention, against) values ('4028c0814840f2d201484100071c005b', '4028c0814840f2d2014840fda7690014', '192.168.1.101', '2014-09-04 22:09:53', 1, 0, 0);
insert into ticket (ticket_id, candidate_id, voter_ip, submit_time, agreement, abstention, against) values ('4028c0814840f2d20148410041b0005c', '4028c0814840f2d2014840fda7680013', '192.168.1.102', '2014-09-04 22:10:08', 0, 0, 1);
insert into ticket (ticket_id, candidate_id, voter_ip, submit_time, agreement, abstention, against) values ('4028c0814840f2d20148410041ba005d', '4028c0814840f2d2014840fda7690014', '192.168.1.102', '2014-09-04 22:10:08', 1, 0, 0);
insert into ticket (ticket_id, candidate_id, voter_ip, submit_time, agreement, abstention, against) values ('4028c0814840f2d2014841007cbd005e', '4028c0814840f2d2014840fda7680013', '192.168.89.128', '2014-09-04 22:10:24', 0, 0, 1);
insert into ticket (ticket_id, candidate_id, voter_ip, submit_time, agreement, abstention, against) values ('4028c0814840f2d2014841007cfc005f', '4028c0814840f2d2014840fda7690014', '192.168.89.128', '2014-09-04 22:10:24', 1, 0, 0);
insert into ticket (ticket_id, candidate_id, voter_ip, submit_time, agreement, abstention, against) values ('4028c0814840f2d2014841044e23008a', '4028c0814840f2d201484102b4a90061', '127.0.0.1', '2014-09-04 22:14:34', 1, 0, 0);
insert into ticket (ticket_id, candidate_id, voter_ip, submit_time, agreement, abstention, against) values ('4028c0814840f2d2014841044e30008b', '4028c0814840f2d201484102b4a90062', '127.0.0.1', '2014-09-04 22:14:34', 1, 0, 0);
insert into ticket (ticket_id, candidate_id, voter_ip, submit_time, agreement, abstention, against) values ('4028c0814840f2d2014841044f5f008c', '4028c0814840f2d201484102eda60063', '127.0.0.1', '2014-09-04 22:14:34', 1, 0, 0);
insert into ticket (ticket_id, candidate_id, voter_ip, submit_time, agreement, abstention, against) values ('4028c0814840f2d2014841044fde008d', '4028c0814840f2d201484102eda70064', '127.0.0.1', '2014-09-04 22:14:34', 0, 1, 0);
insert into ticket (ticket_id, candidate_id, voter_ip, submit_time, agreement, abstention, against) values ('4028c0814840f2d201484104897a008e', '4028c0814840f2d201484102b4a90061', '192.168.89.128', '2014-09-04 22:14:49', 1, 0, 0);
insert into ticket (ticket_id, candidate_id, voter_ip, submit_time, agreement, abstention, against) values ('4028c0814840f2d20148410489aa008f', '4028c0814840f2d201484102b4a90062', '192.168.89.128', '2014-09-04 22:14:49', 1, 0, 0);
insert into ticket (ticket_id, candidate_id, voter_ip, submit_time, agreement, abstention, against) values ('4028c0814840f2d2014841048ad00090', '4028c0814840f2d201484102eda60063', '192.168.89.128', '2014-09-04 22:14:49', 0, 1, 0);
insert into ticket (ticket_id, candidate_id, voter_ip, submit_time, agreement, abstention, against) values ('4028c0814840f2d2014841048ada0091', '4028c0814840f2d201484102eda70064', '192.168.89.128', '2014-09-04 22:14:49', 0, 0, 1);
insert into ticket (ticket_id, candidate_id, voter_ip, submit_time, agreement, abstention, against) values ('4028c0814840f2d201484104becc0092', '4028c0814840f2d201484102b4a90061', '192.168.1.101', '2014-09-04 22:15:03', 1, 0, 0);
insert into ticket (ticket_id, candidate_id, voter_ip, submit_time, agreement, abstention, against) values ('4028c0814840f2d201484104bf170093', '4028c0814840f2d201484102b4a90062', '192.168.1.101', '2014-09-04 22:15:03', 1, 0, 0);
insert into ticket (ticket_id, candidate_id, voter_ip, submit_time, agreement, abstention, against) values ('4028c0814840f2d201484104bfbe0094', '4028c0814840f2d201484102eda60063', '192.168.1.101', '2014-09-04 22:15:03', 0, 0, 1);
insert into ticket (ticket_id, candidate_id, voter_ip, submit_time, agreement, abstention, against) values ('4028c0814840f2d201484104c1350095', '4028c0814840f2d201484102eda70064', '192.168.1.101', '2014-09-04 22:15:03', 0, 0, 1);
insert into ticket (ticket_id, candidate_id, voter_ip, submit_time, agreement, abstention, against) values ('4028c0814840f2d201484104fb500096', '4028c0814840f2d201484102b4a90061', '192.168.1.102', '2014-09-04 22:15:18', 1, 0, 0);
insert into ticket (ticket_id, candidate_id, voter_ip, submit_time, agreement, abstention, against) values ('4028c0814840f2d201484104fb710097', '4028c0814840f2d201484102b4a90062', '192.168.1.102', '2014-09-04 22:15:18', 1, 0, 0);
insert into ticket (ticket_id, candidate_id, voter_ip, submit_time, agreement, abstention, against) values ('4028c0814840f2d201484104fbed0098', '4028c0814840f2d201484102eda60063', '192.168.1.102', '2014-09-04 22:15:18', 0, 0, 1);
insert into ticket (ticket_id, candidate_id, voter_ip, submit_time, agreement, abstention, against) values ('4028c0814840f2d201484104fcce0099', '4028c0814840f2d201484102eda70064', '192.168.1.102', '2014-09-04 22:15:18', 1, 0, 0);
insert into ticket (ticket_id, candidate_id, voter_ip, submit_time, agreement, abstention, against) values ('4028c0814840f2d201484106960600ae', '4028c0814840f2d20148410597c7009b', '192.168.1.101', '2014-09-04 22:17:03', 0, 0, 1);
insert into ticket (ticket_id, candidate_id, voter_ip, submit_time, agreement, abstention, against) values ('4028c0814840f2d201484106964000af', '4028c0814840f2d201484105984c009c', '192.168.1.101', '2014-09-04 22:17:03', 1, 0, 0);
insert into ticket (ticket_id, candidate_id, voter_ip, submit_time, agreement, abstention, against) values ('4028c0814840f2d201484106aada00b0', '4028c0814840f2d20148410597c7009b', '127.0.0.1', '2014-09-04 22:17:08', 1, 0, 0);
insert into ticket (ticket_id, candidate_id, voter_ip, submit_time, agreement, abstention, against) values ('4028c0814840f2d201484106ab1800b1', '4028c0814840f2d201484105984c009c', '127.0.0.1', '2014-09-04 22:17:08', 1, 0, 0);
insert into ticket (ticket_id, candidate_id, voter_ip, submit_time, agreement, abstention, against) values ('4028c0814840f2d201484106d99c00b2', '4028c0814840f2d20148410597c7009b', '192.168.89.128', '2014-09-04 22:17:21', 0, 1, 0);
insert into ticket (ticket_id, candidate_id, voter_ip, submit_time, agreement, abstention, against) values ('4028c0814840f2d201484106d9a700b3', '4028c0814840f2d201484105984c009c', '192.168.89.128', '2014-09-04 22:17:21', 1, 0, 0);
insert into ticket (ticket_id, candidate_id, voter_ip, submit_time, agreement, abstention, against) values ('4028c081487cdf9901487ce3d52f0008', '4028c081487cdf9901487ce16de40001', '127.0.0.1', '2014-09-16 13:16:19', 1, 0, 0);
insert into ticket (ticket_id, candidate_id, voter_ip, submit_time, agreement, abstention, against) values ('4028c081487cdf9901487ce3d6d10009', '4028c081487cdf9901487ce16de50002', '127.0.0.1', '2014-09-16 13:16:19', 1, 0, 0);
insert into ticket (ticket_id, candidate_id, voter_ip, submit_time, agreement, abstention, against) values ('4028c081487cdf9901487ce3d720000a', '4028c081487cdf9901487ce16de60003', '127.0.0.1', '2014-09-16 13:16:19', 0, 1, 0);
insert into ticket (ticket_id, candidate_id, voter_ip, submit_time, agreement, abstention, against) values ('4028c081487cdf9901487ce5a5a40013', '4028c081487cdf9901487ce501c6000e', '127.0.0.1', '2014-09-16 13:18:17', 1, 0, 0);
insert into ticket (ticket_id, candidate_id, voter_ip, submit_time, agreement, abstention, against) values ('4028c081487cdf9901487ce5a5b30014', '4028c081487cdf9901487ce501c6000f', '127.0.0.1', '2014-09-16 13:18:17', 1, 0, 0);
insert into ticket (ticket_id, candidate_id, voter_ip, submit_time, agreement, abstention, against) values ('4028c081487cdf9901487ce5a5c10015', '4028c081487cdf9901487ce501c70010', '127.0.0.1', '2014-09-16 13:18:17', 0, 1, 0);
insert into ticket (ticket_id, candidate_id, voter_ip, submit_time, agreement, abstention, against) values ('4028c081487cdf9901487ce83e8d001e', '4028c081487cdf9901487ce6a6fc0018', '127.0.0.1', '2014-09-16 13:21:08', 1, 0, 0);
insert into ticket (ticket_id, candidate_id, voter_ip, submit_time, agreement, abstention, against) values ('4028c081487cdf9901487ce83e9a001f', '4028c081487cdf9901487ce6a6fc0019', '127.0.0.1', '2014-09-16 13:21:08', 1, 0, 0);
insert into ticket (ticket_id, candidate_id, voter_ip, submit_time, agreement, abstention, against) values ('4028c081487cdf9901487ce83ea70020', '4028c081487cdf9901487ce6a6fd001a', '127.0.0.1', '2014-09-16 13:21:08', 0, 1, 0);
insert into ticket (ticket_id, candidate_id, voter_ip, submit_time, agreement, abstention, against) values ('4028c081487cf03601487d0210dd0005', '4028c081487cf03601487cf584e30000', '127.0.0.1', '2014-09-16 13:49:20', 1, 0, 0);
insert into ticket (ticket_id, candidate_id, voter_ip, submit_time, agreement, abstention, against) values ('4028c081487cf03601487d0211160006', '4028c081487cf03601487cf5858f0001', '127.0.0.1', '2014-09-16 13:49:20', 1, 0, 0);
insert into ticket (ticket_id, candidate_id, voter_ip, submit_time, agreement, abstention, against) values ('4028c08148904f1b014890515ae8000b', '4028c08148904f1b0148905025b80002', '127.0.0.1', '2014-09-20 07:48:43', 1, 0, 0);
insert into ticket (ticket_id, candidate_id, voter_ip, submit_time, agreement, abstention, against) values ('4028c08148904f1b014890515b73000c', '4028c08148904f1b0148905025b90003', '127.0.0.1', '2014-09-20 07:48:43', 1, 0, 0);
insert into ticket (ticket_id, candidate_id, voter_ip, submit_time, agreement, abstention, against) values ('4028c08148904f1b014890515b7e000d', '4028c08148904f1b0148905025b90004', '127.0.0.1', '2014-09-20 07:48:43', 0, 1, 0);
insert into ticket (ticket_id, candidate_id, voter_ip, submit_time, agreement, abstention, against) values ('4028c08148909ee5014890a7d776001e', '4028c08148909ee5014890a1d5bf0001', '192.168.1.102', '2014-09-20 09:23:11', 1, 0, 0);
insert into ticket (ticket_id, candidate_id, voter_ip, submit_time, agreement, abstention, against) values ('4028c08148909ee5014890a7d7a2001f', '4028c08148909ee5014890a1d5c40002', '192.168.1.102', '2014-09-20 09:23:11', 1, 0, 0);
insert into ticket (ticket_id, candidate_id, voter_ip, submit_time, agreement, abstention, against) values ('4028c08148909ee5014890a7d8a50020', '4028c08148909ee5014890a1d5c40003', '192.168.1.102', '2014-09-20 09:23:11', 1, 0, 0);
insert into ticket (ticket_id, candidate_id, voter_ip, submit_time, agreement, abstention, against) values ('4028c08148909ee5014890a817d60021', '4028c08148909ee5014890a1d5bf0001', '192.168.1.100', '2014-09-20 09:23:28', 1, 0, 0);
insert into ticket (ticket_id, candidate_id, voter_ip, submit_time, agreement, abstention, against) values ('4028c08148909ee5014890a817e10022', '4028c08148909ee5014890a1d5c40002', '192.168.1.100', '2014-09-20 09:23:28', 0, 1, 0);
insert into ticket (ticket_id, candidate_id, voter_ip, submit_time, agreement, abstention, against) values ('4028c08148909ee5014890a818320023', '4028c08148909ee5014890a1d5c40003', '192.168.1.100', '2014-09-20 09:23:28', 0, 0, 1);
DROP TABLE vote;
CREATE TABLE vote ( vote_id varchar(32) NOT NULL, name varchar(200), start_date varchar(20), start_hour varchar(6), requirement varchar(500), note varchar(500), creator varchar(50), create_time varchar(20), status varchar(20), type varchar(20), start_minute varchar(6), primary_vote_id varchar(32), PRIMARY KEY (vote_id), CONSTRAINT FK_rsoyoufmvtu6o52gw84pq4ihp FOREIGN KEY (primary_vote_id) REFERENCES vote (vote_id), INDEX FK_rsoyoufmvtu6o52gw84pq4ihp (primary_vote_id) ) ENGINE=InnoDB DEFAULT CHARSET=utf8;
insert into vote (vote_id, name, start_date, start_hour, requirement, note, creator, create_time, status, type, start_minute, primary_vote_id) values ('4028c0814840ac31014840b455e20003', 'TJ1', '09/04/2014', '00', '1xx', '1xx', '111', '2014-09-04 20:47:13', '4.done', '推荐', '00', null);
insert into vote (vote_id, name, start_date, start_hour, requirement, note, creator, create_time, status, type, start_minute, primary_vote_id) values ('4028c0814840cb17014840cc50be0000', 'tj2', '09/15/2014', '00', 'ww', '', '', '2014-09-04 21:13:24', '4.done', '推荐', '00', null);
insert into vote (vote_id, name, start_date, start_hour, requirement, note, creator, create_time, status, type, start_minute, primary_vote_id) values ('4028c0814840cb17014840d07820000a', 'ps1', '09/01/2014', '00', '111XXXX', '啊啊啊', '', '2014-09-04 21:17:57', '4.done', '评审', '00', null);
insert into vote (vote_id, name, start_date, start_hour, requirement, note, creator, create_time, status, type, start_minute, primary_vote_id) values ('4028c0814840ee06014840eeaf180000', 'TJ1(再次投票)', '09/04/2014', '00', '1xx', '1xx', '111y', '2014-09-04 21:50:57', '1.new', '推荐', '00', '4028c0814840ac31014840b455e20003');
insert into vote (vote_id, name, start_date, start_hour, requirement, note, creator, create_time, status, type, start_minute, primary_vote_id) values ('4028c0814840f2d2014840f33b450000', 'tj2(再次投票)', '09/15/2014', '00', 'ww', 'ssss', 'qqq', '2014-09-04 21:55:55', '4.done', '推荐', '00', '4028c0814840cb17014840cc50be0000');
insert into vote (vote_id, name, start_date, start_hour, requirement, note, creator, create_time, status, type, start_minute, primary_vote_id) values ('4028c0814840f2d2014840f57483000a', 'ps1(再次投票)', '09/01/2014', '00', '111XXXX', '啊啊啊', '223', '2014-09-04 21:58:21', '4.done', '评审', '00', '4028c0814840cb17014840d07820000a');
insert into vote (vote_id, name, start_date, start_hour, requirement, note, creator, create_time, status, type, start_minute, primary_vote_id) values ('4028c0814840f2d2014840fd25e40012', 'session', '09/04/2014', '00', '111', '111', '11111', '2014-09-04 22:06:45', '4.done', '推荐', '00', null);
insert into vote (vote_id, name, start_date, start_hour, requirement, note, creator, create_time, status, type, start_minute, primary_vote_id) values ('4028c0814840f2d2014841022a9e0060', '评审会话', '09/04/2014', '00', '测试', '测试', '我', '2014-09-04 22:12:14', '4.done', '评审', '00', null);
insert into vote (vote_id, name, start_date, start_hour, requirement, note, creator, create_time, status, type, start_minute, primary_vote_id) values ('4028c0814840f2d201484105757a009a', '评审会话(再次投票)', '09/04/2014', '00', '测试', '测试', '我', '2014-09-04 22:15:49', '4.done', '评审', '00', '4028c0814840f2d2014841022a9e0060');
insert into vote (vote_id, name, start_date, start_hour, requirement, note, creator, create_time, status, type, start_minute, primary_vote_id) values ('4028c081487cc85e01487cca53ad0000', 'psx', '09/05/2014', '00', '', '', '', '2014-09-16 12:48:27', '4.done', '推荐', '00', null);
insert into vote (vote_id, name, start_date, start_hour, requirement, note, creator, create_time, status, type, start_minute, primary_vote_id) values ('4028c081487cdf9901487ce4c88f000c', 'tjxx', '', '00', '', '', '', '2014-09-16 13:17:21', '4.done', '推荐', '00', null);
insert into vote (vote_id, name, start_date, start_hour, requirement, note, creator, create_time, status, type, start_minute, primary_vote_id) values ('4028c081487cdf9901487ce679a60017', 'pp', '', '00', '', '', '', '2014-09-16 13:19:12', '4.done', '评审', '00', null);
insert into vote (vote_id, name, start_date, start_hour, requirement, note, creator, create_time, status, type, start_minute, primary_vote_id) values ('4028c081487cdf9901487ce874f30021', 'pp(再次投票)', '', '00', '', '', '', '2014-09-16 13:21:22', '4.done', '评审', '00', '4028c081487cdf9901487ce679a60017');
insert into vote (vote_id, name, start_date, start_hour, requirement, note, creator, create_time, status, type, start_minute, primary_vote_id) values ('4028c08148904f1b0148904fd7360000', 'tj4', '', '00', '', '', '', '2014-09-20 07:47:04', '4.done', '推荐', '00', null);
insert into vote (vote_id, name, start_date, start_hour, requirement, note, creator, create_time, status, type, start_minute, primary_vote_id) values ('4028c08148909ee5014890a1a5750000', 'pingshen920', '09/20/2014', '00', '要求	', '', '', '2014-09-20 09:16:25', '3.inprogress', '评审', '00', null);
DROP TABLE voter;
CREATE TABLE voter ( voter_id varchar(32) NOT NULL, vote_id varchar(32), ip varchar(20), submit varchar(10), submit_time varchar(20), ready_time varchar(20), host varchar(50), PRIMARY KEY (voter_id), CONSTRAINT FK_ddxf0k2irq6bl8y45h00wc5c9 FOREIGN KEY (vote_id) REFERENCES vote (vote_id), INDEX FK_ddxf0k2irq6bl8y45h00wc5c9 (vote_id) ) ENGINE=InnoDB DEFAULT CHARSET=utf8;
insert into voter (voter_id, vote_id, ip, submit, submit_time, ready_time, host) values ('4028c0814840b816014840b9ebd20004', '4028c0814840ac31014840b455e20003', '127.0.0.1', '1', '2014-09-04 20:56:09', '2014-09-04 20:53:19', '127.0.0.1');
insert into voter (voter_id, vote_id, ip, submit, submit_time, ready_time, host) values ('4028c0814840cb17014840cd40360005', '4028c0814840cb17014840cc50be0000', '127.0.0.1', '1', '2014-09-04 21:14:48', '2014-09-04 21:14:26', '127.0.0.1');
insert into voter (voter_id, vote_id, ip, submit, submit_time, ready_time, host) values ('4028c0814840cb17014840d1877f0011', '4028c0814840cb17014840d07820000a', '127.0.0.1', '1', '2014-09-04 21:19:13', '2014-09-04 21:19:06', '127.0.0.1');
insert into voter (voter_id, vote_id, ip, submit, submit_time, ready_time, host) values ('4028c0814840f2d2014840f438b80007', '4028c0814840f2d2014840f33b450000', '127.0.0.1', '1', '2014-09-04 21:57:07', '2014-09-04 21:57:00', '127.0.0.1');
insert into voter (voter_id, vote_id, ip, submit, submit_time, ready_time, host) values ('4028c0814840f2d2014840f65a9b000f', '4028c0814840f2d2014840f57483000a', '127.0.0.1', '1', '2014-09-04 21:59:28', '2014-09-04 21:59:19', '127.0.0.1');
insert into voter (voter_id, vote_id, ip, submit, submit_time, ready_time, host) values ('4028c0814840f2d2014840ffbbb40054', '4028c0814840f2d2014840fd25e40012', '127.0.0.1', '1', '2014-09-04 22:09:45', '2014-09-04 22:09:34', '127.0.0.1');
insert into voter (voter_id, vote_id, ip, submit, submit_time, ready_time, host) values ('4028c0814840f2d2014840ffc4c70055', '4028c0814840f2d2014840fd25e40012', '192.168.89.128', '1', '2014-09-04 22:10:24', '2014-09-04 22:09:36', '192.168.89.128');
insert into voter (voter_id, vote_id, ip, submit, submit_time, ready_time, host) values ('4028c0814840f2d2014840ffc4cb0056', '4028c0814840f2d2014840fd25e40012', '192.168.1.101', '1', '2014-09-04 22:09:53', '2014-09-04 22:09:36', '192.168.1.101');
insert into voter (voter_id, vote_id, ip, submit, submit_time, ready_time, host) values ('4028c0814840f2d2014840ffd0540057', '4028c0814840f2d2014840fd25e40012', '192.168.1.102', '1', '2014-09-04 22:10:08', '2014-09-04 22:09:39', '192.168.1.102');
insert into voter (voter_id, vote_id, ip, submit, submit_time, ready_time, host) values ('4028c0814840f2d201484104276e0086', '4028c0814840f2d2014841022a9e0060', '127.0.0.1', '1', '2014-09-04 22:14:34', '2014-09-04 22:14:24', '127.0.0.1');
insert into voter (voter_id, vote_id, ip, submit, submit_time, ready_time, host) values ('4028c0814840f2d2014841042af80087', '4028c0814840f2d2014841022a9e0060', '192.168.1.101', '1', '2014-09-04 22:15:03', '2014-09-04 22:14:25', '192.168.1.101');
insert into voter (voter_id, vote_id, ip, submit, submit_time, ready_time, host) values ('4028c0814840f2d2014841042d250088', '4028c0814840f2d2014841022a9e0060', '192.168.1.102', '1', '2014-09-04 22:15:18', '2014-09-04 22:14:25', '192.168.1.102');
insert into voter (voter_id, vote_id, ip, submit, submit_time, ready_time, host) values ('4028c0814840f2d201484104365d0089', '4028c0814840f2d2014841022a9e0060', '192.168.89.128', '1', '2014-09-04 22:14:49', '2014-09-04 22:14:28', '192.168.89.128');
insert into voter (voter_id, vote_id, ip, submit, submit_time, ready_time, host) values ('4028c0814840f2d2014841063a3b00ab', '4028c0814840f2d201484105757a009a', '192.168.1.101', '1', '2014-09-04 22:17:03', '2014-09-04 22:16:40', '192.168.1.101');
insert into voter (voter_id, vote_id, ip, submit, submit_time, ready_time, host) values ('4028c0814840f2d201484106469f00ac', '4028c0814840f2d201484105757a009a', '192.168.89.128', '1', '2014-09-04 22:17:21', '2014-09-04 22:16:43', '192.168.89.128');
insert into voter (voter_id, vote_id, ip, submit, submit_time, ready_time, host) values ('4028c0814840f2d201484106489400ad', '4028c0814840f2d201484105757a009a', '127.0.0.1', '1', '2014-09-04 22:17:08', '2014-09-04 22:16:43', '127.0.0.1');
insert into voter (voter_id, vote_id, ip, submit, submit_time, ready_time, host) values ('4028c081487cdf9901487ce3b6f50007', '4028c081487cc85e01487cca53ad0000', '127.0.0.1', '1', '2014-09-16 13:16:19', '2014-09-16 13:16:11', '127.0.0.1');
insert into voter (voter_id, vote_id, ip, submit, submit_time, ready_time, host) values ('4028c081487cdf9901487ce57e690012', '4028c081487cdf9901487ce4c88f000c', '127.0.0.1', '1', '2014-09-16 13:18:17', '2014-09-16 13:18:07', '127.0.0.1');
insert into voter (voter_id, vote_id, ip, submit, submit_time, ready_time, host) values ('4028c081487cdf9901487ce8208b001d', '4028c081487cdf9901487ce679a60017', '127.0.0.1', '1', '2014-09-16 13:21:08', '2014-09-16 13:21:00', '127.0.0.1');
insert into voter (voter_id, vote_id, ip, submit, submit_time, ready_time, host) values ('4028c081487cf03601487d01fd490004', '4028c081487cdf9901487ce874f30021', '127.0.0.1', '1', '2014-09-16 13:49:20', '2014-09-16 13:49:15', '127.0.0.1');
insert into voter (voter_id, vote_id, ip, submit, submit_time, ready_time, host) values ('4028c08148904f1b014890508c430007', '4028c08148904f1b0148904fd7360000', '127.0.0.1', '1', '2014-09-20 07:48:43', '2014-09-20 07:47:50', '127.0.0.1');
insert into voter (voter_id, vote_id, ip, submit, submit_time, ready_time, host) values ('4028c08148909ee5014890a76a46001b', '4028c08148909ee5014890a1a5750000', '192.168.1.100', '1', '2014-09-20 09:23:28', '2014-09-20 09:22:43', '192.168.1.100');
insert into voter (voter_id, vote_id, ip, submit, submit_time, ready_time, host) values ('4028c08148909ee5014890a773b6001c', '4028c08148909ee5014890a1a5750000', '192.168.1.102', '1', '2014-09-20 09:23:11', '2014-09-20 09:22:46', '192.168.1.102');
insert into voter (voter_id, vote_id, ip, submit, submit_time, ready_time, host) values ('4028c08148909ee5014890a774c5001d', '4028c08148909ee5014890a1a5750000', '127.0.0.1', null, null, '2014-09-20 09:22:46', '127.0.0.1');
